1,Alabama
2,Alaska
3,Arizona
4,Arkansas
5,California
6,Colorado
7,Connecticut
8,Delaware
9,Florida
10,Georgia
11,Hawaii
12,Idaho
13,Illinois
14,Indiana
15,Iowa
16,Kansas
17,Kentucky
18,Louisiana
19,Maine
20,Maryland
21,Massachusetts
22,Michigan
23,Minnesota
24,Mississippi
25,Missouri
26,Montana
27,Nebraska
28,Nevada
29,NewHampshire
30,NewJersey
31,NewMexico
32,NewYork
33,NorthCarolina
34,NorthDakota
35,Ohio
36,Oklahoma
37,Oregon
38,Pennsylvania
39,RhodeIsland
40,SouthCarolina
41,SouthDakota
42,Tennessee
43,Texas
44,Utah
45,Vermont
46,Virginia
47,Washington
48,WestVirginia
49,Wisconsin
50,Wyoming
51,Texas
52,California
53,Florida
54,NewYork
55,Texas
56,California
57,Pennsylvania
58,Illinois
59,California
60,Florida
61,Texas
62,Ohio
63,NewYork
64,Georgia
65,NorthCarolina
66,California
67,Michigan
68,NewJersey
69,Texas
70,Florida
71,Virginia
72,California
73,NewYork
74,Washington
75,Texas
76,Pennsylvania
77,California
78,Illinois
79,Arizona
80,Massachusetts
81,Tennessee
82,Ohio
83,Florida
84,Indiana
85,California
86,NewYork
87,Texas
88,Georgia
89,Maryland
90,Missouri
91,NorthCarolina
92,California
93,Wisconsin
94,Michigan
95,Colorado
96,Minnesota
97,Florida
98,Texas
99,NewJersey
100,California
101,Pennsylvania
102,Illinois
103,NewYork
104,SouthCarolina
105,Alabama
106,Virginia
107,California
108,Texas
109,Ohio
110,Florida
111,Louisiana
112,Kentucky
113,California
114,Washington
115,NewYork
116,Georgia
117,Texas
118,NorthCarolina
119,Oregon
120,California
121,Arizona
122,Michigan
123,Pennsylvania
124,Florida
125,Massachusetts
126,Illinois
127,Tennessee
128,Oklahoma
129,Texas
130,Indiana
131,California
132,NewYork
133,NewJersey
134,Ohio
135,California
136,Connecticut
137,Florida
138,Texas
139,Maryland
140,Missouri
141,Virginia
142,Wisconsin
143,California
144,Georgia
145,NewYork
146,Pennsylvania
147,Colorado
148,Illinois
149,NorthCarolina
150,Texas
151,Minnesota
152,Utah
153,Florida
154,California
155,Iowa
156,Michigan
157,Washington
158,Nevada
159,Texas
160,Ohio
161,California
162,Arkansas
163,NewYork
164,Mississippi
165,SouthCarolina
166,Kansas
167,NewJersey
168,Arizona
169,Florida
170,Alabama
171,Massachusetts
172,California
173,Texas
174,Pennsylvania
175,Tennessee
176,Illinois
177,Indiana
178,Georgia
179,Virginia
180,California
181,NewYork
182,NorthCarolina
183,Louisiana
184,Texas
185,Florida
186,Michigan
187,Kentucky
188,California
189,Ohio
190,Maryland
191,Missouri
192,Texas
193,NewYork
194,California
195,Pennsylvania
196,Oregon
197,Florida
198,Washington
199,Illinois
200,Wisconsin
201,NewJersey
202,California
203,Colorado
204,Texas
205,Georgia
206,Minnesota
207,NewYork
208,Oklahoma
209,California
210,NorthCarolina
211,Arizona
212,Florida
213,Ohio
214,Texas
215,Virginia
216,Massachusetts
217,Michigan
218,California
219,Tennessee
220,Pennsylvania
221,Indiana
222,Illinois
223,NewYork
224,NewMexico
225,Texas
226,California
227,Florida
228,SouthCarolina
229,Connecticut
230,Alabama
231,California
232,NewJersey
233,Georgia
234,Texas
235,Washington
236,NorthCarolina
237,NewYork
238,Ohio
239,Florida
240,California
241,Nebraska
242,Maryland
243,Missouri
244,Pennsylvania
245,Texas
246,Illinois
247,Michigan
248,Louisiana
249,California
250,Utah
251,Virginia
252,Wisconsin
253,Florida
254,Arizona
255,NewYork
256,Iowa
257,Kentucky
258,Idaho
259,California
260,Texas
261,Colorado
262,Massachusetts
263,Minnesota
264,WestVirginia
265,Nevada
266,Georgia
267,Tennessee
268,California
269,Ohio
270,NewJersey
271,Texas
272,Pennsylvania
273,Indiana
274,Florida
275,NorthCarolina
276,Arkansas
277,NewYork
278,Oregon
279,Illinois
280,California
281,Mississippi
282,Kansas
283,Texas
284,Washington
285,Michigan
286,California
287,Florida
288,NewYork
289,Virginia
290,California
291,SouthCarolina
292,Texas
293,Oklahoma
294,Pennsylvania
295,Georgia
296,Maryland
297,Ohio
298,Missouri
299,Alabama
300,Illinois
301,California
302,Florida
303,Arizona
304,NorthCarolina
305,Texas
306,NewJersey
307,NewYork
308,Massachusetts
309,California
310,Wisconsin
311,Tennessee
312,Michigan
313,Texas
314,California
315,Colorado
316,Florida
317,Indiana
318,Minnesota
319,Louisiana
320,Pennsylvania
321,Connecticut
322,NewYork
323,Washington
324,Hawaii
325,California
326,Ohio
327,Illinois
328,Texas
329,Georgia
330,Virginia
331,Kentucky
332,Florida
333,California
334,NorthCarolina
335,Texas
336,NewYork
337,NewJersey
338,California
339,NewHampshire
340,Pennsylvania
341,Maine
342,Michigan
343,Florida
344,Texas
345,Arizona
346,Maryland
347,California
348,Illinois
349,Missouri
350,Oregon
351,Ohio
352,Utah
353,NewYork
354,Massachusetts
355,SouthCarolina
356,Georgia
357,California
358,Texas
359,Tennessee
360,Iowa
361,Alabama
362,Florida
363,Virginia
364,Wisconsin
365,California
366,NorthCarolina
367,Washington
368,Indiana
369,NewYork
370,Pennsylvania
371,Texas
372,Nevada
373,Colorado
374,California
375,NewJersey
376,Oklahoma
377,Illinois
378,Minnesota
379,Florida
380,Michigan
381,Ohio
382,Texas
383,Arkansas
384,California
385,NewMexico
386,NewYork
387,Georgia
388,Mississippi
389,Louisiana
390,California
391,Kansas
392,Texas
393,Florida
394,Arizona
395,Pennsylvania
396,NorthCarolina
397,California
398,Massachusetts
399,Illinois
400,Maryland
401,NewYork
402,Virginia
403,Kentucky
404,Missouri
405,Texas
406,California
407,Tennessee
408,Ohio
409,Florida
410,Washington
411,NewJersey
412,Michigan
413,Connecticut
414,Nebraska
415,Indiana
416,California
417,Texas
418,Georgia
419,NewYork
420,SouthCarolina
421,Pennsylvania
422,Wisconsin
423,Florida
424,California
425,Texas
426,Illinois
427,RhodeIsland
428,Alabama
429,NorthCarolina
430,Oregon
431,Colorado
432,California
433,Montana
434,Minnesota
435,NewYork

436,Ohio
437,Texas
438,Florida
439,Arizona
440,California
441,Virginia
442,Idaho
443,Michigan
444,NewJersey
445,Pennsylvania
